city_id,city,country_id,last_update
2,Абха,82,2006-02-15 03:45:25
8,Адони,44,2006-02-15 03:45:25
9,Ахмаднагар,44,2006-02-15 03:45:25
12,Аль-Айн,101,2006-02-15 03:45:25
14,Манама,11,2006-02-15 03:45:25
19,Аллье́нда,60,2006-02-15 03:45:25
21,Авлорада,15,2006-02-15 03:45:25
27,Антофагаст,22,2006-02-15 03:45:25
31,Арак,46,2006-02-15 03:45:25
32,Арекибо,77,2006-02-15 03:45:25
33,Арлингтон,103,2006-02-15 03:45:25
36,Ашкелон,48,2006-02-15 03:45:25
37,Асунин,73,2006-02-15 03:45:25
38,Афины,39,2006-02-15 03:45:25
40,Альтикско,60,2006-02-15 03:45:25
49,Балаиха,80,2006-02-15 03:45:25
51,Балургахат,44,2006-02-15 03:45:25
53,Бандар-Сери-Бегаван,16,2006-02-15 03:45:25
62,Баюган,75,2006-02-15 03:45:25
64,Бейра,63,2006-02-15 03:45:25
65,Белвю,103,2006-02-15 03:45:25
70,Бергамо,49,2006-02-15 03:45:25
73,Бхованагар,44,2006-02-15 03:45:25
74,Бхилвара,44,2006-02-15 03:45:25
77,Бхусавал,44,2006-02-15 03:45:25
80,Биньчжоу,23,2006-02-15 03:45:25
82,Бислиг,75,2006-02-15 03:45:25
83,Блуменау,15,2006-02-15 03:45:25
84,Буа-Виста,15,2006-02-15 03:45:25
85,Боксбург,85,2006-02-15 03:45:25
86,Ботошани,78,2006-02-15 03:45:25
88,Брэдфорд,102,2006-02-15 03:45:25
93,Бриндизи,49,2006-02-15 03:45:25
101,Кейп-Коррал,103,2006-02-15 03:45:25
103,Кармен,60,2006-02-15 03:45:25
104,КаВите,75,2006-02-15 03:45:25
111,Шарлотта Амалиэ,106,2006-02-15 03:45:25
117,Цянджур,45,2006-02-15 03:45:25
120,Citрусные высоты,103,2006-02-15 03:45:25
128,Кордоба,6,2006-02-15 03:45:25
150,Дзерзинский,80,2006-02-15 03:45:25
154,Форт,60,2006-02-15 03:45:25
155,Эль-Монте,103,2006-02-15 03:45:25
162,Эсфахан,46,2006-02-15 03:45:25
166,Эчжоу,23,2006-02-15 03:45:25
169,Фирозабад,44,2006-02-15 03:45:25
170,Флоренция,24,2006-02-15 03:45:25
173,Фунафути,99,2006-02-15 03:45:25
175,Фучжоу,23,2006-02-15 03:45:25
180,Газа,97,2006-02-15 03:45:25
187,Гринсборо,103,2006-02-15 03:45:25
191,Гулбרג,44,2006-02-15 03:45:25
195,Халдия,44,2006-02-15 03:45:25
199,Хами,23,2006-02-15 03:45:25
200,Хамильтон,68,2006-02-15 03:45:25
204,Хино,50,2006-02-15 03:45:25
208,Хосьярпур,44,2006-02-15 03:45:25
209,Хсячих,92,2006-02-15 03:45:25
211,Хубли-Дхарвад,44,2006-02-15 03:45:25
215,Ибрит,15,2006-02-15 03:45:25
216,Идфу,29,2006-02-15 03:45:25
218,Икерре,69,2006-02-15 03:45:25
219,Илиган,75,2006-02-15 03:45:25
221,Имус,75,2006-02-15 03:45:25
226,Иваки,50,2006-02-15 03:45:25
229,Изумино,50,2006-02-15 03:45:25
231,Джайпур,44,2006-02-15 03:45:25
232,Джакарта,45,2006-02-15 03:45:25
234,Джамал-Пур,12,2006-02-15 03:45:25
242,Джинчжоу,23,2006-02-15 03:45:25
247,Джуазейро-ду-Норте,15,2006-02-15 03:45:25
248,Суд за пределами,15,2006-02-15 03:45:25
251,Кабул,1,2006-02-15 03:45:25
255,Калиш,76,2006-02-15 03:45:25
261,Канчрапара,44,2006-02-15 03:45:25
267,Кимберли,85,2006-02-15 03:45:25
269,Кингстаун,81,2006-02-15 03:45:25
271,Кисуму,52,2006-02-15 03:45:25
276,Корияма,50,2006-02-15 03:45:25
281,Ктаха,97,2006-02-15 03:45:25
284,Курашики,50,2006-02-15 03:45:25
285,Курган,80,2006-02-15 03:45:25
286,Курск,80,2006-02-15 03:45:25
291,Лайву,23,2006-02-15 03:45:25
295,Ларадо,103,2006-02-15 03:45:25
308,Липецк,80,2006-02-15 03:45:25
310,Любертсы,80,2006-02-15 03:45:25
312,Лондон,102,2006-02-15 03:45:25
314,Любин,76,2006-02-15 03:45:25
315,Любамбаши,25,2006-02-15 03:45:25
316,Лунгтан,92,2006-02-15 03:45:25
319,Махаджанга,57,2006-02-15 03:45:25
326,Маракабо,104,2006-02-15 03:45:25
330,Мата-Морос,60,2006-02-15 03:45:25
331,Матсуюэ,50,2006-02-15 03:45:25
332,Мейсиан,23,2006-02-15 03:45:25
333,Мемфис,103,2006-02-15 03:45:25
336,Мирджа,44,2006-02-15 03:45:25
338,Мияконо-дзё,50,2006-02-15 03:45:25
340,Молочный путь,13,2006-02-15 03:45:25
348,Мвене-Диту,25,2006-02-15 03:45:25
350,Мисур,44,2006-02-15 03:45:25
352,Набережные Тельни,80,2006-02-15 03:45:25
356,Наджафабад,46,2006-02-15 03:45:25
358,Нахон-Са-Ван,94,2006-02-15 03:45:25
364,Ньюкасл,85,2006-02-15 03:45:25
365,Нецауахольцойотль,60,2006-02-15 03:45:25
366,Ня Трам,105,2006-02-15 03:45:25
367,Нижнекамск,80,2006-02-15 03:45:25
373,Окумаре-дель-Тюй,104,2006-02-15 03:45:25
375,Окара,72,2006-02-15 03:45:25
390,Ойо,69,2006-02-15 03:45:25
399,Патанкот,44,2006-02-15 03:45:25
402,Павлодар,51,2006-02-15 03:45:25
407,Пингсянь,23,2006-02-15 03:45:25
409,Плок,76,2006-02-15 03:45:25
411,Понсе,77,2006-02-15 03:45:25
412,Понтианак,45,2006-02-15 03:45:25
414,Портовьехо,28,2006-02-15 03:45:25
418,Пурня,44,2006-02-15 03:45:25
423,Консех,46,2006-02-15 03:45:25
430,Ричмонд-Хилл,20,2006-02-15 03:45:25
433,Роанок,103,2006-02-15 03:45:25
434,Робамба,28,2006-02-15 03:45:25
439,Сарабекен,38,2006-02-15 03:45:25
440,Сагамихара,50,2006-02-15 03:45:25
441,Сент-Луис,103,2006-02-15 03:45:25
443,Привет!,62,2006-02-15 03:45:25
444,Салала,71,2006-02-15 03:45:25
449,Сан-Бернардино,103,2006-02-15 03:45:25
451,Сан-Феликс-дель-Проgresо,60,2006-02-15 03:45:25
453,Сан-Лоренцо,73,2006-02-15 03:45:25
454,Сан-Миґель-де-Тукум,6,2006-02-15 03:45:25
456,Санта-Барбара-де-Оести,15,2006-02-15 03:45:25
460,Сантьяго-де-лос-Кабальос,27,2006-02-15 03:45:25
461,Санто-Андре,15,2006-02-15 03:45:25
463,Сасебо,50,2006-02-15 03:45:25
464,Сатна,44,2006-02-15 03:45:25
465,Савха́ж,29,2006-02-15 03:45:25
466,Серпухов,80,2006-02-15 03:45:25
472,Шикарпур,72,2006-02-15 03:45:25
476,Шубра аль-Хайма,29,2006-02-15 03:45:25
477,Siege,38,2006-02-15 03:45:25
480,Сиче́серо,24,2006-02-15 03:45:25
484,Смоленск,80,2006-02-15 03:45:25
485,Сань-Бернардо,15,2006-02-15 03:45:25
487,Согамосо,24,2006-02-15 03:45:25
494,Саутгемптон,102,2006-02-15 03:45:25
495,Южный Портленд,102,2006-02-15 03:45:25
499,Стерлинг Хайтс,103,2006-02-15 03:45:25
504,Султанбейли,97,2006-02-15 03:45:25
509,Суракарт,45,2006-02-15 03:45:25
511,Сиракузы,49,2006-02-15 03:45:25
512,Шкесфехвер,43,2006-02-15 03:45:25
516,Тафуна,3,2006-02-15 03:45:25
517,Тагуиг,75,2006-02-15 03:45:25
519,Талаvera,75,2006-02-15 03:45:25
525,Тангайл,12,2006-02-15 03:45:25
529,Тарсус,97,2006-02-15 03:45:25
536,Тифа,23,2006-02-15 03:45:25
537,Тели,23,2006-02-15 03:45:25
540,Тонглиао,23,2006-02-15 03:45:25
547,Цуяма,50,2006-02-15 03:45:25
549,Тышки,76,2006-02-15 03:45:25
561,Валенсия,104,2006-02-15 03:45:25
563,долины Сан-Хасинто,60,2006-02-15 03:45:25
564,Валпараи,44,2006-02-15 03:45:25
576,Уудридж,8,2006-02-15 03:45:25
577,Вроцлав,76,2006-02-15 03:45:25
578,Сяуфань,23,2006-02-15 03:45:25
583,Янгор,65,2006-02-15 03:45:25
589,Йорк,102,2006-02-15 03:45:25
596,Заря,69,2006-02-15 03:45:25
600,Зигиншор,83,2006-02-15 03:45:25
